site_id,date,pH,turbidity_ntu,dissolved_oxygen_mg_l,temperature_c,source,verified_status
river-zone-3,2026-08-01,7.4,4.2,8.1,18.3,USGS/EPA curated demo pack,verified
river-zone-3,2026-08-03,7.3,5.1,7.8,18.6,USGS/EPA curated demo pack,verified
river-zone-3,2026-08-06,7.2,6.4,7.5,19.1,USGS/EPA curated demo pack,verified
river-zone-3,2026-08-09,7.1,7.0,7.1,19.4,USGS/EPA curated demo pack,verified
river-zone-3,2026-08-12,7.0,8.9,6.7,20.0,USGS/EPA curated demo pack,verified
river-zone-3,2026-08-14,6.8,15.0,4.2,20.6,USGS/EPA curated demo pack,verified
river-zone-3,2026-08-15,6.9,18.4,4.8,20.1,USGS/EPA curated demo pack,verified
river-zone-3,2026-08-18,7.1,9.1,6.4,19.8,USGS/EPA curated demo pack,verified
river-zone-3,2026-08-21,7.3,5.8,7.6,18.9,USGS/EPA curated demo pack,verified
river-zone-3,2026-08-24,7.5,3.7,8.2,18.2,USGS/EPA curated demo pack,verified
river-zone-3,2026-08-27,7.4,4.4,8.4,17.6,USGS/EPA curated demo pack,verified
river-zone-3,2026-08-30,7.6,3.1,8.7,17.1,USGS/EPA curated demo pack,verified
river-zone-2,2026-08-01,7.7,2.2,8.9,17.8,USGS/EPA curated demo pack,verified
river-zone-2,2026-08-06,7.6,2.8,8.5,18.5,USGS/EPA curated demo pack,verified
river-zone-2,2026-08-12,7.5,4.1,8.0,19.2,USGS/EPA curated demo pack,verified
river-zone-2,2026-08-15,7.3,8.8,6.9,19.7,USGS/EPA curated demo pack,verified
river-zone-2,2026-08-21,7.6,3.4,8.3,18.4,USGS/EPA curated demo pack,verified
river-zone-2,2026-08-27,7.8,2.7,8.8,17.2,USGS/EPA curated demo pack,verified
river-zone-4,2026-08-01,7.0,6.8,7.2,18.7,USGS/EPA curated demo pack,verified
river-zone-4,2026-08-06,6.9,7.4,6.8,19.5,USGS/EPA curated demo pack,verified
river-zone-4,2026-08-14,6.7,16.2,4.7,20.5,USGS/EPA curated demo pack,verified
river-zone-4,2026-08-15,6.8,13.7,5.1,20.0,USGS/EPA curated demo pack,verified
river-zone-4,2026-08-21,7.1,7.1,6.6,18.9,USGS/EPA curated demo pack,verified
river-zone-4,2026-08-27,7.2,5.0,7.5,17.4,USGS/EPA curated demo pack,verified
